CustomerID,ChurnProbability,CurrentEquipmentDays
3202122,0.8898112547299517,387
3190234,0.8897391575224822,413
3006502,0.8877839224508093,914
3243886,0.8828782381997541,377
3156794,0.8764534059398238,391
3011910,0.8727702748424623,1212
3333842,0.8705882757409886,369
3244318,0.8676427131656613,376
3392434,0.8618621925422386,1251
3187586,0.8591593475723825,452
3211750,0.8589209195934603,372
3143494,0.8469680985860641,369
3193710,0.840736074953539,405
3240542,0.8374362981967516,489
3391962,0.8354224209442607,458
3310294,0.8351088739525453,388
3012298,0.8337588199103048,786
3122838,0.8337067036059427,551
3116990,0.833424354458168,559
3150758,0.8325414592560931,513
3026910,0.831956392717976,650
3290226,0.8316211876281456,411
3241714,0.8279968129585678,380
3264562,0.8278264298339161,454
3258334,0.8269314617218413,402
3042666,0.8256548862164175,852
3202610,0.8249751393284772,448
3230286,0.8243129357218472,394
3005202,0.8241567877860744,1419
3003618,0.8228103057402674,409
3014838,0.821874006635953,562
3070594,0.8206289001605369,813
3160050,0.8201104638472523,548
3049146,0.8185761112066197,977
3209066,0.8177769249520002,542
3074714,0.8177125238502387,801
3013202,0.8174434808203644,562
3270306,0.8171147671983214,444
3228246,0.8151497974630086,373
3028846,0.814262873771244,935
3200546,0.813198676754298,452
3207714,0.8127980525990658,544
3141162,0.8127225552104906,600
3335426,0.811985225298001,368
3031318,0.8116212906923614,926
3211866,0.8113676982130515,366
3243394,0.8107393116199438,485
3106174,0.8107175077156078,705
3157414,0.8091399611896739,493
3006062,0.8062368315099805,1297
3189482,0.8059405287927224,387
3180886,0.8053177280096051,465
3253466,0.804880272319303,428
3134254,0.8044809791716451,727
3246530,0.803982124507038,480
3028050,0.8026761124226054,937
3054954,0.8024833382099088,401
3277998,0.8011725830381807,430
3183870,0.8009433667584659,491
3188562,0.7985303703848219,418
3053946,0.7977468254424387,451
3009686,0.7977046152850837,1231
3051702,0.7975702694987709,794
3236718,0.7970813376012331,432
3088710,0.7966434021030531,541
3010722,0.7959523310917128,1138
3037822,0.7950427125067652,993
3017058,0.7941582147194821,649
3172298,0.7939812582214736,519
3317090,0.7935496069374923,381
3057290,0.7931913034886864,760
3135246,0.7930420534070358,724
3248838,0.7928132755992444,370
3049442,0.7921267512427456,975
3180494,0.7914149905738328,499
3208434,0.7913727755759488,436
3061758,0.791048502128193,681
3045318,0.791020451925481,1004
3205974,0.790804766256256,487
3245490,0.7896774589342697,375
3177222,0.7896723661526484,506
3225598,0.7895504771017399,509
3312406,0.7891569141712614,385
3255030,0.788926697052331,402
3083298,0.7887308783055462,732
3005490,0.7879026740203858,638
3271678,0.7874275016410941,441
3134046,0.7870279728937764,727
3032338,0.7858562837748733,983
3166090,0.7854025915617001,579
3166338,0.7851980524471623,479
3396202,0.7849323422992671,1077
3245690,0.7847223658664128,470
3272178,0.7843682412188595,379
3163326,0.7843411780414182,478
3248174,0.783388482369446,371
3025246,0.7826507868297252,949
3041886,0.782587882582423,1020
3014718,0.7823625684655333,529
3124306,0.7821392346432334,416
3198670,0.7816965374068041,502
3022154,0.7813123314812865,558
3105054,0.7809193487431478,708
3192230,0.7805033538751316,394
3028590,0.7801887003267989,735
3004918,0.7801106013629251,1380
3179274,0.7799323719720663,609
3262382,0.7793497103558397,458
3231686,0.7791016970995209,438
3228302,0.778741506484726,397
3042686,0.7785564042090929,852
3186482,0.7782967499872483,423
3237686,0.7773811784081103,385
3212822,0.7770509586379939,426
3130702,0.7765865602846486,452
3010770,0.7763289697089036,1307
3210614,0.7756826728586212,369
3203558,0.7753298657920155,550
3189090,0.7751659473748344,416
3117754,0.7749942520642252,637
3019574,0.7746344974055412,725
3012938,0.7745935386253874,1143
3032322,0.774579576032564,1090
3070342,0.7742133860505043,768
3267690,0.7736399887205901,387
3096146,0.7736370573455961,795
3249030,0.7733150196503473,369
3022822,0.7732595615358249,507
3097770,0.7731562869760672,620
3244566,0.7721916687034007,376
3167294,0.7721427153550711,637
3278926,0.7719765101311309,367
3221234,0.7717526126600146,456
3193134,0.7716642638996782,468
3035074,0.7713806842071484,595
3054746,0.7713638043650906,572
3174898,0.7693342482062601,512
3075434,0.7689854331062215,799
3219758,0.7687875310301494,458
3030218,0.7681186523417138,931
3103686,0.7677371911498403,383
3301026,0.7676640599527413,398
3154582,0.7674429145034769,375
3073570,0.7669323275272037,615
3241430,0.7664024464048023,381
3168706,0.7659351586716264,634
3156730,0.7651937157766907,535
3225338,0.7649829967265331,448
3051762,0.7645041125830638,900
3211790,0.7642521203068198,366
3100090,0.7640391955890955,561
3242582,0.7637691937579586,425
3015118,0.7633285063489148,1126
3201906,0.7623433883024142,387
3023926,0.762299938423807,1034
3185658,0.761522339892918,425
3190582,0.7613758662331143,412
3067934,0.7612083086129041,776
3174314,0.7608167560354981,452
3318578,0.7602393411205112,379
3133062,0.7598385638124383,560
3175130,0.7584417596646856,450
3136150,0.7579768179909265,661
3044206,0.7579716684725087,1010
3266282,0.7578733145148375,451
3047870,0.757500884795772,816
3010578,0.7574250310416938,1142
3015626,0.756940340340267,812
3152994,0.7567555668374616,385
3101726,0.7565673042205732,480
3172206,0.7561549554624168,519
3007734,0.7544220813752412,816
3108722,0.7544082951608239,632
3277282,0.7543337864068803,370
3216566,0.7540903895665118,525
3199622,0.7540795276051715,392
3211962,0.7540668271609663,366
3146190,0.7537119579638026,492
3114538,0.7533288128627303,579
3251554,0.7531867778993082,366
3216206,0.7529750254530496,419
3161598,0.7524529519494322,482
3187362,0.7521147140108183,482
3113794,0.7519797056613365,580
3093474,0.7518590161718793,804
3224082,0.7518304647743737,451
3118590,0.7516738201948477,392
3227562,0.7516589152025194,444
3206558,0.751553539372045,378
3190758,0.7515264539184315,473
3033814,0.7509677416143258,368
3192786,0.7509645378563998,407
3268122,0.7509441374463977,387
3247818,0.7504888777162284,417
3149434,0.749785403334338,516
3101146,0.7496645325424579,718
3186898,0.7493698531726868,530
3250690,0.7492308252020122,367
3241166,0.7490081339000281,381
3262246,0.7490023903201987,458
3058834,0.7483135744550711,816
3072302,0.7481059163495815,868
3024770,0.7478338414654884,740
3054238,0.7478100049379609,884
3108862,0.7477379087295793,407
3038354,0.747674348170404,883
3202550,0.7476032570265848,386
3278002,0.7473050638897311,427
3336262,0.7472459960085281,367
3094738,0.7472235264793928,509
3200934,0.7470455044186587,498
3224714,0.7464332662068937,403
3257402,0.7464112998294034,403
3115774,0.7463817747152077,746
3009002,0.7462779635214996,1363
3012926,0.746059394260846,1143
3107790,0.745981528087483,655
3107802,0.7456451922048143,655
3059994,0.7451934155818324,810
3090654,0.7451189060312107,752
3106954,0.7451178191350548,703
3027646,0.745115720155691,939
3250866,0.7445228345595392,388
3036214,0.744449430885954,629
3200418,0.7441390255655781,560
3393090,0.7440333388331483,1127
3280382,0.743874943229343,365
3244158,0.7437929210699009,377
3397530,0.7437362220650049,620
3006546,0.7436399974645809,1133
3335402,0.7432403263528243,368
3334422,0.7425768823344887,368
3039114,0.7421395916883838,878
3394146,0.7415133430089144,1091
3124966,0.7409451245700708,630
3117150,0.7409236694613288,638
3008850,0.7406659454827669,1199
3201862,0.7405478533500658,388
3249942,0.7405445887309787,414
3030534,0.7400633920840971,992
3320106,0.7400022352428436,378
3119794,0.7399937719536503,573
3391862,0.7398136039595523,584
3034002,0.7397142269644515,714
3239066,0.7388812341308455,384
3153226,0.7386599822224059,567
3298494,0.7386091494384304,400
3154622,0.7385370153173512,609
3064974,0.7379604229026101,894
3201458,0.7378867850672315,557
3016834,0.7378661439843512,1206
3086786,0.7376719851550569,766
3045930,0.7375274949662513,760
3218414,0.7374896607355921,414
3234974,0.7373043524404934,434
3212862,0.7372670860679721,533
3038982,0.7369924802489113,987
3161974,0.7368670589450426,481
3147826,0.7363836197520829,626
3396778,0.7361802652465073,445
3161270,0.7359765996781126,411
3187402,0.7357720679887613,528
3227450,0.7354153693737808,372
3330466,0.7354134998987408,371
3231722,0.7351576586288192,499
3207082,0.7350465975965257,545
3101730,0.7347339467510015,595
3216346,0.7341114602512785,418
3027418,0.7339179134165528,1048
3109338,0.7337972341151381,697
3122294,0.733330749216351,487
3187070,0.7331590342166464,483
3172350,0.7328541344521532,519
3076362,0.7328004748686092,689
3167362,0.7325800543988821,530
3209838,0.7324610840239366,433
3143838,0.7324263115967857,380
3094674,0.7323323059395367,800
3395890,0.7322552470302177,1095
3044374,0.7319548037648524,441
3026710,0.7318283010425364,1004
3082206,0.7315641120307065,673
3068714,0.7310858942072546,819
3207286,0.7309725709992415,484
3226878,0.7309672851967722,400
3010838,0.7308190532695434,1197
3011746,0.7306536939267391,1109
3036666,0.7305405335490912,954
3035790,0.7303041301016869,898
3141286,0.7302173429953908,415
3144994,0.729518255699285,695
3247826,0.729489654844413,417
3174926,0.7293391608947674,450
3044842,0.7293306722863226,455
3134730,0.7292595457449009,664
3092754,0.7292310957418449,699
3251426,0.7289719118207222,366
3098998,0.7288317880291949,785
3047914,0.7285653361561139,924
3180942,0.728401759559029,436
3000498,0.7283428560263001,586
3123238,0.7282618936700096,570
3029322,0.7280600721899305,934
3192466,0.7278972427223686,516
3001142,0.7278871042455615,953
3199042,0.7278636132869153,455
3052442,0.727750598564574,851
3149090,0.7276833908181093,579
3177586,0.727670329366428,612
3091418,0.7275910604538649,750
3167814,0.7275481882242327,636
3243818,0.727417110416846,423
3236618,0.7273819900769442,493
3011322,0.7272067807379452,1228
3146702,0.7269690903824944,584
3069066,0.7263398661594413,662
3082654,0.7263295278827603,780
3150654,0.7262785652399596,575
3250470,0.7258931438567756,367
3016322,0.7257468186518339,1155
3310866,0.7255680728907443,387
3243942,0.7255030332922949,423
3197226,0.7253988171675972,459
3197314,0.725003774616752,397
3109054,0.724962268737475,590
3250026,0.7248936944178392,368
3203382,0.7247388078569295,492
3311246,0.7246284344931372,387
3234198,0.7240019083912572,389
3145742,0.7239215165947229,633
3147006,0.7238528821500964,587
3012702,0.7236961696903133,1087
3264054,0.7235296610190145,394
3003726,0.7235198266208331,1369
3011110,0.7234729369403501,1126
3248654,0.7231263921754407,370
3329334,0.7229255391852589,371
3295686,0.7227494387157086,377
3203502,0.722662853170671,492
3019126,0.7221708707980209,1003
3029834,0.7216873218929094,994
3174022,0.7215669254800744,515
3201230,0.7210076222481753,451
3264350,0.7208767810491828,455
3027594,0.7207309752785951,458
3260398,0.7205778486144726,399
3204238,0.7205237406962895,383
3104078,0.7201679000094166,444
3133158,0.7201449398334729,560
3397282,0.7199470552207244,867
3088082,0.7196466864181799,762
3241850,0.7196365637999665,380
3223874,0.7196346652755948,405
3094278,0.7194779749524239,801
3006598,0.7193558474546289,376
3286882,0.7192581896159573,416
3021906,0.719093916519888,1038
3020202,0.7190549295279444,990
3251010,0.7189036677890338,473
3003874,0.7186633338097292,603
3009226,0.7186496199729329,1247
3165662,0.7186116801011846,580
3177878,0.7183283312727891,612
3194310,0.7182465865086737,511
3027086,0.718023146783674,1003
3100558,0.7176456443212803,781
3061366,0.7174410698210929,727
3084690,0.7173721839275191,665
3151282,0.7173553860505205,573
3058582,0.7172503163691047,755
3007906,0.7172429832459752,1240
3004482,0.7171701762171472,789
3037158,0.7170470010461181,889
3139606,0.7169461757100013,651
3177270,0.7167944689655869,506
3179254,0.7161898194692448,440
3016474,0.7161649897406973,1151
3078838,0.7161228698423227,792
3129962,0.7160913540107189,733
3012558,0.7160809800010196,1089
3032382,0.7160136275598799,716
3034490,0.715982828572876,909
3056814,0.7158478027890949,762
3116826,0.7156336968544527,576
3012710,0.7156250792703382,1148
3236866,0.715427464100332,386
3283234,0.7153847338382457,421
3303482,0.7153498893560142,395
3207342,0.7153067498267485,438
3126654,0.7148989580311764,629
3208830,0.7147821825713153,542
3070826,0.7147348765948306,812
3009730,0.7147178773823881,1231
3207158,0.7146567768978933,438
3012886,0.7144265753778397,958
3135734,0.7143154564056088,554
3034530,0.7143026709554998,1078
3137186,0.7140899568741883,612
3237982,0.7140014108531424,431
3136970,0.7138460818784431,659
3167266,0.7138045885303089,531
3140890,0.7136126470018911,708
3143702,0.7135822331607603,699
3117814,0.7135668127128898,744
3005630,0.713566406063263,1471
3234818,0.7132535957023518,454
3044590,0.7127377925319316,901
3321130,0.7124106754766919,377
3140278,0.7123730581791198,649
3192134,0.7123603032415232,408
3221830,0.7122974762618912,454
3020586,0.7122329101080282,1048
3333206,0.7119125174123886,369
3157026,0.7118710086901388,547
3254258,0.7118432349023156,468
3140894,0.711692697990773,539
3189026,0.7115577263973669,416
3396698,0.7111937163146888,519
3129362,0.7110099935559567,734
3212326,0.7108308164623338,365
3024818,0.7105738823808544,953
3157914,0.7104947476436119,379
3104462,0.710489317736359,602
3061370,0.7104645076082792,803
3177446,0.7104252457386884,506
3057730,0.7100980443111997,820
3001614,0.7100901078339635,1179
3145482,0.7100049274527,587
3055818,0.7098154707754984,395
3061898,0.7096058185634049,467
3156358,0.7093576971191086,496
3253546,0.7090511989929513,408
3009262,0.7089721803979726,1246
3182274,0.7088934490136116,432
3211762,0.7088777495515857,366
3211754,0.7087005041087991,474
3260486,0.7086767506707711,399
3197570,0.7084571774144447,458
3016214,0.7083975730372228,1110
3032490,0.7083774973656582,1028
3048742,0.7083649182742046,872
3064754,0.7081561156939729,788
3207706,0.7079926767526776,544
3165746,0.7079557308840342,580
3232406,0.7075801830665142,391
3057950,0.7075492128539189,820
3041846,0.7075064915344669,858
3044070,0.7073243010286531,842
3158122,0.7070745837370833,491
3225278,0.7070366812878435,448
3032062,0.706867263157345,738
3031790,0.706694499906118,471
3058658,0.7065639753834744,755
3235614,0.7065054261484759,387
3181022,0.7064541975875491,604
3336354,0.7063653979792135,367
3123106,0.7059334290037921,739
3199170,0.7055443128555814,393
3038070,0.705418447452274,400
3020794,0.7053564077777392,474
3041894,0.7053260804860695,920
3288550,0.7049787907442046,414
3004102,0.7044247434236431,1456
3100394,0.704417461688171,675
3006574,0.7043027332384754,1285
3022486,0.7042876775638891,720
3272226,0.7042741525877436,440
3191006,0.7042156522879807,411
3205182,0.7041199194827469,443
3128662,0.704108859544986,673
3207306,0.7039944815999534,484
3087746,0.7035406618008853,824
3270734,0.7035175256116677,443
3151906,0.7034887703275681,417
3098522,0.7031054317206099,446
3007506,0.7030646817442999,1253
3190902,0.7029096333146677,473
3016074,0.7028846927083258,1146
3208610,0.7027954045512781,374
3193538,0.7027852668918675,513
3296106,0.7027062050814903,403
3183218,0.7026053775711976,492
3131990,0.702469683988522,625
3232142,0.7022018391291848,438
3036518,0.7018645209202871,1062
3053490,0.7017714154692867,897
3396638,0.7017209136096264,717
3048794,0.7017208358533491,979
3049398,0.7010423451100616,914
3225946,0.7009887485225593,401
3209454,0.700944472476366,541
3240478,0.7007851919093288,382
3188702,0.7007541828012355,525
3070478,0.7007376945387984,813
3263890,0.7006948166067305,455
3007190,0.7005572608640166,1435
3051834,0.7001241050419293,768
3134030,0.7000420378379296,394
3228126,0.6995033686242135,397
3015590,0.6994942866952526,1155
3037874,0.6994413218155484,432
3146258,0.6992322705322946,523
3069530,0.6992284441212291,480
3217466,0.6991555952464478,416
3154666,0.6989994359563453,379
3229318,0.6988485491673341,441
3089922,0.6987952043853486,816
3035978,0.6987295884026398,897
3004066,0.6986926092223106,1351
3123706,0.6986507925535628,570
3234474,0.698402555260232,389
3155390,0.6983688080066047,499
3155578,0.6981926216489569,667
3222618,0.6977892060258901,453
3012002,0.6977396821241724,654
3202926,0.6976957413933026,385
3258054,0.6974566827070163,403
3102674,0.6972976021515485,714
3115438,0.6971409874024116,566
3133410,0.6970015418111519,622
3319750,0.6969183204360174,378
3036406,0.6967767909434732,1002
3133818,0.6966364754081272,559
3199970,0.6965822800739084,392
3067526,0.6962358307525831,778
3179726,0.6962273211687247,501
3271682,0.6961583641471064,441
3200722,0.6961396317162841,390
3168334,0.6959067467744278,466
3005138,0.6959035361631967,419
3210958,0.6957822450835296,537
3119282,0.6956855184531082,635
3083538,0.6955458239966977,663
3071834,0.6954468817361282,763
3097734,0.695439877515272,728
3067806,0.6950677478370534,823
3291930,0.69500009436239,409
3325738,0.6949017652945138,374
3073038,0.6947907054119591,697
3152014,0.6946670774496321,678
3152178,0.6944027775914551,508
3137134,0.6943679977182303,550
3336470,0.694254116319463,367
3211282,0.6941221434846325,367
3214918,0.6939586183489241,528
3029738,0.6936820310298171,1041
3024078,0.6934655451845325,957
3100034,0.6933263354169779,502
3127582,0.6932979012006304,566
3393658,0.6932415226092701,1245
3274510,0.6932094595712325,375
3202918,0.6930661478159473,554
3165834,0.6930558955584123,472
3228414,0.6928794625824191,397
3092018,0.6926613022648288,740
3191470,0.6925605275893169,518
3194642,0.6925274669646281,380
3094562,0.6925008082030947,464
3013378,0.6924776581580714,1140
3005350,0.6924231005938823,1308
3137218,0.6924095452177532,612
3234946,0.692245522172806,388
3106186,0.6919798163089631,659
3150362,0.691975435924805,513
3209014,0.691791849724396,481
3057310,0.6915824222874088,512
3128182,0.6915435440362393,674
3147046,0.6915277169994705,484
3103814,0.6915146970594485,603
3011418,0.6914640728291771,1117
3237258,0.6914199147371324,493
3336782,0.6913606012212097,367
3043810,0.6913500541499527,906
3154330,0.6913144098724654,564
3047598,0.6911316915599687,987
3080922,0.6911065348063835,786
3188890,0.6910209726546207,586
3074230,0.690726096805626,694
3173790,0.6904605849361932,622
3163938,0.6903295139049649,400
3147514,0.6903217328452301,628
3087326,0.6902116005014852,656
3057158,0.690208161434516,929
3088790,0.690167955729743,820
3020142,0.6900273572425879,1031
3011690,0.6899496560566395,1218
3041330,0.6897396470972087,924
3095938,0.6897220617128914,734
3020138,0.6895213169466162,842
3004818,0.6894870773034165,1490
3310470,0.6893829843945652,387
3028334,0.6893245477118014,937
3184250,0.6892505536173843,536
3009054,0.6892153242262152,1361
3130890,0.6891055424883938,626
3248522,0.6890526680483865,477
3192918,0.6882009906808307,406
3154450,0.6881833869540499,564
3088586,0.6881469585978094,760
3232490,0.6880232642221762,391
3071962,0.6879651879105911,700
3246062,0.687904786512585,374
3194874,0.6878377445401203,464
3012814,0.6876612101244244,1192
3176886,0.6874975426148162,443
3246406,0.6874879274018413,373
3267870,0.6874271017889539,387
3172186,0.6873332314807726,519
3209930,0.6872274244515595,371
3026890,0.6868730553487159,663
3206214,0.6868508459041303,379
3226274,0.6867981786682678,401
3190998,0.6866970206040055,473
3007330,0.6866579378358084,1415
3078646,0.6865473675909974,746
3233138,0.6864867166520592,424
3082014,0.6863624288645912,510
3030526,0.68635186603425,982
3180674,0.6862176521764146,498
3011414,0.686018314779276,675
3074934,0.6857955319035088,800
3012030,0.6854409802596504,1101
3093114,0.6853631396230495,805
3125922,0.6852860357253471,568
3153934,0.6852316512637227,503
3183026,0.6848737351180384,538
3045810,0.6846837525092484,892
3271906,0.6845676699058778,440
3281854,0.6843862767124949,424
3166150,0.6843484613966819,452
3029250,0.6843175080283175,934
3202038,0.6842278853370497,495
3177742,0.6842181803405563,443
3146798,0.6841709247126991,630
3001158,0.683941881561195,647
3053334,0.683940021711767,952
3048674,0.6838181913062458,811
3063194,0.6836917800844952,795
3044342,0.6834360002166523,673
3032074,0.6834062444267468,724
3277530,0.6833613614762255,370
3001582,0.6833438011822204,1511
3293778,0.6833255572699536,406
3040074,0.6827893009057179,933
3302962,0.6827216581162957,395
3155874,0.6823928972963077,667
3298890,0.682110112415668,399
3167830,0.682054458339516,458
3205526,0.6820331479433002,380
3176222,0.6820101673391388,555
3097086,0.681892638460396,663
3236790,0.6816920408172669,432
3307278,0.6814592783023523,391
3122654,0.6814542006499934,739
3212142,0.6814461740826929,474
3132726,0.6813935553592247,623
3056002,0.6813095955271402,766
3268442,0.6812933033488957,447
3204410,0.6812675657127774,382
3116878,0.6811885800067613,576
3056354,0.6811349866492472,578
3267378,0.6809454332576756,388
3200278,0.6808123049530893,428
3177230,0.6808065426059198,552
3132806,0.680521458261537,561
3075102,0.6805182563859637,692
3191794,0.6804400613661543,471
3032678,0.6802878988188928,1088
3393590,0.6802161552212832,1143
3004746,0.6802081942376262,1323
3151006,0.6800267401280521,512
3193126,0.6798864658978225,428
3046130,0.6798573074460376,936
3395330,0.6798564921578203,657
3083410,0.679829235864273,669
3110650,0.6797699665134356,648
3234294,0.6795862895572155,482
3275062,0.6795680969412701,374
3010658,0.6795013183170223,1140
3222534,0.6794998943641465,407
3242090,0.6794201118811161,380
3195066,0.6794197923604434,402
3319158,0.679096446235509,379
3080710,0.6790822693399832,678
3316934,0.6790710702369737,381
3245722,0.6790447712503732,367
3207710,0.678973395709673,375
3062394,0.6789545270385573,799
3175370,0.6789446073804373,619
3066282,0.678805278969672,828
3032342,0.6787405816174448,472
3026226,0.6786187597956688,1006
3214566,0.6786018676698081,422
3078822,0.678540970350601,792
3316430,0.6784847162732437,375
3087850,0.6784430172592114,823
3207494,0.6783969811244844,376
3004622,0.6783679592651333,1436
3008550,0.6782954539049861,1318
3210526,0.678120925117469,369
3203774,0.6780337037629247,552
3142498,0.6778676819848847,703
3206938,0.6778616121215114,377
3260110,0.6778449492830523,461
3283430,0.6775550607943791,422
3162926,0.6773211338084102,479
3063658,0.6773020201236123,839
3236458,0.6770524318083481,386
3109666,0.6770085075855397,757
3175022,0.6770023689768412,609
3117074,0.6769657027992115,605
3242654,0.6769270460802599,379
3029702,0.6768992769263605,995
3250446,0.6768941137362465,474
3232122,0.6767955447134706,379
3093130,0.6767416519260241,698
3123814,0.6767232885367517,739
3267818,0.6765874270255565,448
3065898,0.6765436813600886,492
3246494,0.6765282566999625,373
3145974,0.6764716832179641,423
3070414,0.6764695700499452,471
3091254,0.6763947038082038,427
3117898,0.6763628448649373,637
3031330,0.6762663061020602,658
3032558,0.6762004695750983,982
3141346,0.6759843803997156,703
3220682,0.6759041492586028,457
3056538,0.67584279157845,825
3161138,0.6758300707706825,483
3292766,0.6758275323485242,408
3245658,0.6758249525506452,421
3001162,0.6758012432381404,1144
3088074,0.6757341314684855,716
3258114,0.6757307272612151,403
3276974,0.6754764975669454,432
3115790,0.675435460460631,577
3164630,0.6751573753427733,537
3263210,0.6749994452569287,456
3091442,0.6749627899035214,750
3190846,0.674885167224042,411
3249374,0.6748607727746846,369
3197198,0.6748030665693185,459
3065078,0.6747911420962363,724
3136062,0.674715555148782,553
3193778,0.6746857095066863,466
3194618,0.6746576226395075,465
3197326,0.6746051081323079,397
3138822,0.6746006887538267,608
3168758,0.6745852132731784,465
3003898,0.6745819513067658,1422
3121242,0.6744231723455513,633
3134394,0.6743744418429517,726
3010890,0.6743261549628958,1241
3085022,0.6743129749383657,422
3266498,0.674223772870722,390
3002314,0.6741290704293121,1425
3191154,0.6737870199882573,472
3194542,0.6737856620870571,403
3093522,0.6736478140208393,743
3163742,0.6735277206315318,477
3148926,0.6732959120125626,435
3232018,0.6731694264676801,392
3332030,0.6729672362312247,370
3056550,0.6729521640151428,825
3092086,0.6729370057708935,702
3049818,0.6728347597584844,749
3322838,0.6727124738609729,376
3125370,0.6724725139289734,379
3061026,0.6722276904293946,913
3057998,0.6720548748689322,819
3301998,0.6720459806870029,396
3115906,0.67202217258775,639
3080382,0.6718864487262822,680
3202630,0.6718359352775212,448
3012078,0.6717273296139451,1101
3139990,0.6717200234794823,369
3081418,0.6716432265935803,784
3094310,0.671543202207173,632
3080986,0.6715408448058311,740
3151206,0.6715374470260823,526
3053626,0.6714979478913072,780
3154354,0.6714645301406057,564
3187434,0.6713968247589978,482
3166066,0.6712911098917838,471
3209274,0.6712803339574428,434
3101810,0.6711109865330391,609
3207726,0.6710312626417071,375
3300950,0.6708482153029051,398
3140390,0.6707932435191186,446
3124718,0.6706618766802906,421
3100050,0.6704983116096899,676
3194962,0.67046547317177,510
3231998,0.6701668294703155,392
3173410,0.6701307857183877,516
3032050,0.669782923106809,922
3134942,0.6697394786706177,618
3334466,0.6697064506611142,368
3238186,0.669668083141743,385
3019110,0.6696312105980687,1084
3086886,0.669559930946025,657
3246114,0.6695015000022363,374
3072910,0.6693211383433854,459
3059062,0.6692670855013271,465
3085934,0.6692129537474399,445
3190454,0.6691697057458649,474
3211686,0.6691516247023429,384
3203358,0.6689330808996203,370
3009074,0.6688012333236993,813
3165394,0.6687770790295796,429
3239382,0.6687645859792497,383
3053374,0.668509643292764,890
3003942,0.6683099956057414,1357
3007922,0.6680559518282275,704
3226558,0.6680500169161804,400
3158222,0.6677558931908701,425
3076622,0.6676593903285681,687
3117282,0.667498988156684,575
3135426,0.6674926987619803,617
3175942,0.6674734560501946,449
3120890,0.6674501374711088,680
3267482,0.6674170195901257,388
3022734,0.6673706490975261,931
3054654,0.6673491026038196,943
3155630,0.6672979971536094,560
3321154,0.6672422313942664,377
3019062,0.6672139925482108,1172
3398726,0.6671463272532963,370
3201222,0.6670592742669179,389
3156570,0.6669593234281943,557
3244514,0.6669554348671967,422
3176466,0.6668529374024985,446
3071334,0.6668392620559211,387
3156882,0.6666891985478728,556
3033618,0.6666796450196822,394
3327758,0.6666123627796422,373
3276242,0.6665404491909624,372
3059854,0.6664628446160885,658
3038810,0.6664346488381327,880
3109786,0.6663650794806352,588
3034102,0.666313039512526,974
3083250,0.6661391551091219,732
3229374,0.666137590726462,502
3144786,0.6660426447549318,589
3154446,0.6659749706937209,610
3172098,0.6657951781127425,519
3054330,0.6657430056855159,423
3061618,0.6657184197134806,740
3267510,0.6656541304879838,449
3075170,0.665594947341581,754
3393630,0.6655670471277548,1069
3095250,0.6655634376342855,628
3164966,0.6655202455018628,474
3174086,0.6654449597997395,514
3029450,0.6654386794590809,995
3228762,0.6654097038054453,503
3160614,0.6653422251382202,547
3014182,0.6653258538849044,1181
3317078,0.6652043976361453,381
3177322,0.6651571405376132,444
3036846,0.6651503268878649,1039
3143750,0.6649693813413454,530
3159642,0.6649098109352012,595
3002726,0.6647820958099002,512
3117054,0.6647454881242333,745
3095754,0.6647115078560624,689
3172126,0.6646557627974392,457
3229102,0.6646505485794714,396
3204602,0.664625980017158,490
3050166,0.6646075443485385,910
3048634,0.6645668222160934,895
3034542,0.6645463658792583,909
3013434,0.6643816363309366,1247
3082258,0.664364855000833,509
3244174,0.6642201622049473,423
3083086,0.6640589216675181,839
3139086,0.6639466154881493,607
3004682,0.6638360251732907,1434
3000890,0.6638241752289415,634
3028702,0.6637473739176236,1044
3395458,0.6636926128133289,576
3241034,0.6636745100128529,488
3062790,0.6635384849233821,842
3003142,0.6634452317306301,570
3208118,0.6632193349657592,375
3085366,0.6630581257857668,770
3110726,0.6630251660618012,694
3104678,0.6629351465139444,443
3063510,0.6627925045117411,900
3075594,0.6625970150256693,691
3165718,0.6625215164496298,534
3143022,0.6624462558706725,532
3221522,0.6623726411441883,409
3087026,0.6623705054025746,719
3233570,0.6622860926996551,497
3329374,0.6622263675340941,371
3156318,0.6621514971658107,602
3014914,0.6621470545330869,1236
3036730,0.6621354415641082,892
3218686,0.6619409603176726,458
3272758,0.6618779492831933,376
3147778,0.6618165460631582,628
3151570,0.6616862901404399,510
3122270,0.661671893567874,571
3190374,0.661610335025144,412
3397314,0.6616004366138365,420
3113234,0.6615076448862925,540
3089230,0.6613921888091876,649
3302302,0.6611892918397613,396
3190458,0.6610463085594348,520
3050422,0.6609192559249379,718
3059906,0.660803519306201,749
3125658,0.660477837793805,568
3101674,0.6604348658461786,717
3230522,0.6603464205897673,501
3168762,0.6603030797304239,465
3277442,0.6602660138518541,370
3094542,0.6602340173765026,693
3136218,0.6601997477774241,615
3239798,0.6601924629995868,429
3181134,0.6601604857987068,604
3028470,0.659953238118952,1044
3037562,0.6598621178102084,545
3048666,0.6598468730779449,374
3043606,0.6598463330830547,845
3246574,0.6598356924939867,419
3015902,0.6596680403971573,1114
3006710,0.6595371464600913,1282
3310606,0.6594867511566673,387
3103590,0.6594745539414553,712
3026706,0.6594284909916932,942
3076814,0.6593920837356835,666
3012918,0.6593030987457965,734
3208938,0.6592903870793306,373
3211470,0.6592384464488524,475
3186978,0.6591775694785761,484
3015906,0.6591760040671735,435
3179282,0.6591246543994199,440
3216938,0.658921739405271,463
3175470,0.6588840692436884,398
3214594,0.6588195294753006,468
3071146,0.658782280823184,765
3277226,0.6587402357634136,370
3064034,0.6587226617453883,729
3242698,0.6586846473554262,379
3014494,0.6586789963252658,1179
3046358,0.658644604032037,888
3138790,0.65860355379024,546
3034778,0.6584448239138401,968
3163250,0.658440615087757,539
3053418,0.6584172059234858,890
3322966,0.6583939159844985,376
3268886,0.6583219693151248,385
3177538,0.658241462230956,443
3102014,0.6581727025340178,670
3036114,0.6581457253376357,849
3157462,0.6581452933889667,555
3008402,0.6577979765921211,774
3130314,0.6577895529307699,733
3208350,0.6577889545766337,482
3224402,0.6577553130736558,450
3070406,0.6576553336404835,875
3221034,0.657642331002869,410
3218722,0.6574492490619295,521
3095570,0.6573885148081763,627
3119066,0.6573402539137531,682
3141806,0.6571857792396453,598
3073486,0.6571267871870053,500
3123946,0.657122113681357,632
3074018,0.657116712381156,756
3187034,0.6570659873313086,590
3036874,0.6570026738942307,945
3228238,0.6569934249140799,443
3002690,0.6568803847189078,1586
3105174,0.6568241426858817,708
3014786,0.6567663185633944,1131
3246390,0.6567097830876162,373
3015214,0.656702605975514,418
3131982,0.6566352361915992,385
3036314,0.6565724374296762,894
3196658,0.6565584487238929,506
3264570,0.6565320437111717,366
3028342,0.6564642600003077,569
3050926,0.6564205966117889,750
3029134,0.6563732395911447,671
3075802,0.6563036251685781,690
3174922,0.6561674721723701,450
3012234,0.6561657946093218,712
3124058,0.6561648417153627,399
3018966,0.656140136468077,1004
3045966,0.6561325233045244,829
3035986,0.6561320160707392,959
3212702,0.6560207138891739,472
3010102,0.6560059747250729,514
3169734,0.6559955050833984,382
3061906,0.6559867998746653,739
3217982,0.6559825995877103,415
3208018,0.6559147831505521,375
3096674,0.6557998861480014,686
3223234,0.6557845070435173,513
3148642,0.6557174043797507,518
3134746,0.6556719947026207,618
3062082,0.6556564738121822,738
3195050,0.655535915826104,464
3038842,0.6554461545113089,1049
3009174,0.655434683377332,1187
3029026,0.655400322882869,1104
3014058,0.6552451801030463,1073
3142858,0.6552360403358224,595
3268018,0.6550966218859596,448
3070606,0.6550757292308889,767
3117570,0.6549861855324222,636
3124114,0.6549653787139902,677
3141306,0.6549171327513408,645
3077006,0.6549150779859373,796
3075798,0.6549108519791345,490
3069998,0.6548675077342123,815
3164698,0.6548413498856009,474
3116758,0.654836488013068,638
3115282,0.6548247336434458,438
3163958,0.6548107302929531,382
3049946,0.6547426693732789,865
3163262,0.6546086537657252,587
3040386,0.654593406921243,601
3083498,0.6545351216802777,669
3207590,0.6544138440476582,438
3213966,0.6543484060151007,424
3188266,0.6543255312526671,526
3008278,0.6541297560698748,1391
3335094,0.6539864345339814,368
3274126,0.6537857411441818,376
3193026,0.6537775162466759,402
3159306,0.6537361716328247,635
3164258,0.6536774973921821,536
3057378,0.6536623243067546,785
3159034,0.6535627450515945,489
3153082,0.6535537955543337,506
3029974,0.6532051432713354,932
3134426,0.6531305084094425,372
3187338,0.653074120289575,421
3396902,0.6529682348043571,987
3231838,0.6529417725834256,438
3209258,0.6528458780502754,435
3198778,0.6528279830396696,394
3016634,0.6527892392744619,1102
3102806,0.6526309238534107,714
3057502,0.6525988923376145,759
3021418,0.6525583447991165,419
3194550,0.6525125776211006,465
3122182,0.6524774840417205,740
3106874,0.6524600280161271,657
3014438,0.6524535732537067,1180
3211190,0.65241072598969,476
3130738,0.6523682021095241,672
3155134,0.6522776030100301,372
3226790,0.6522365293637056,507
3143242,0.6522281248964493,594
3030838,0.6520172552549006,991
3155162,0.6519192033489635,669
3055478,0.6518616607883249,831
3164262,0.6518211957993727,644
3032106,0.6517682658548285,1030
3295898,0.6517568759448461,403
3192490,0.6517306904848911,408
3035026,0.6517192951720132,1013
3303710,0.6516851181250382,395
3176982,0.6516584109442369,461
3003698,0.6516528997555693,1432
3185414,0.6516400610734493,594
3221162,0.6516202180045017,388
3189830,0.6515826878543043,523
3074586,0.6515221686514717,410
3238366,0.6514808021339676,384
3227226,0.6514695610560335,399
3166010,0.6514612761081129,640
3149426,0.6513152646773233,574
3157622,0.6512891530157416,600
3082174,0.6512717731556935,674
3052358,0.6512571250166073,628
3082522,0.6511966546657149,780
3005582,0.6511485652504863,521
3199402,0.6511323413071326,455
3094382,0.6511257711702056,454
3180730,0.6508921650326874,436
3041758,0.6508549775593576,1028
3078786,0.6506726263611023,438
3058526,0.6505261773508247,817
3031102,0.6504935114121283,1036
3196154,0.6504504185647523,568
3075694,0.6503924783402617,428
3158550,0.6503629914999802,552
3006462,0.6502878035059458,401
3234154,0.6502572377183922,389
3124982,0.6502348675258648,568
3021918,0.6502317525258666,826
3392706,0.6502308749554759,1174
3217186,0.6501358278248869,463
3211450,0.6499747470003339,475
3227574,0.6499573840852354,390
3288174,0.6499149134877552,414
3236818,0.6498867889087534,386
3093310,0.649797592384236,397
3055626,0.6495242732015075,937
3104906,0.6493278274814286,770
3043126,0.64929463576776,957
3183866,0.6492721714560549,491
3137878,0.6492092243125449,610
3130826,0.6491015635292493,733
3208958,0.6490929062725209,481
3114290,0.6490756807000853,579
3245874,0.6490725776975319,481
3393866,0.6490645205144844,1061
3040546,0.6490635967020475,1035
3244606,0.6490214486058801,376
3020966,0.6490048634207455,872
3043194,0.6489949138881016,900
3084358,0.648932018190166,835
3210510,0.6488434380615135,431
3019758,0.648736007473979,457
3186770,0.648723509498312,422
3021142,0.6485408404924488,1150
3152142,0.6484039174290982,616
3113058,0.6483246877078916,581
3026934,0.6483159499455392,941
3139798,0.6482554011531647,506
3189794,0.648127035229345,415
3320086,0.6480594005825421,378
3119942,0.6480420004887805,573
3054970,0.6479451675055294,834
3239854,0.6478999974767953,383
3025334,0.6478013221026165,424
3289774,0.6477268062693218,412
3113538,0.6477101398295032,580
3150422,0.6476454009776418,682
3056930,0.6475778823457478,739
3075874,0.6475648149134879,752
3027446,0.6475496620143543,1109
3023954,0.6473560628510459,691
3226522,0.6473530571869577,400
3209594,0.6473312198918623,368
3304586,0.6472261523105597,394
3009790,0.6472199360328204,451
3102090,0.6471803125073395,606
3221170,0.6471413102466214,410
3088698,0.64708806523217,695
3098374,0.6470673304189574,726
3006198,0.646795263595799,1463
3278506,0.6466862575562192,429
3201662,0.6466576411984422,416
3186378,0.6465996283736808,485
3214198,0.6465851612796809,423
3045186,0.6465743874948184,650
3209622,0.6465463642268243,372
3160398,0.6465211555832037,593
3001738,0.6464974906119676,1554
3144742,0.6464672819329134,589
3177274,0.6464437389232925,552
3162638,0.6464432227918869,649
3221346,0.646339827794024,440
3167954,0.6463289439872026,529
3004882,0.6462806630877116,623
3225394,0.6461941390620494,448
3247418,0.6460885848569853,372
3023742,0.6460121023943662,959
3108054,0.6460000098418852,654
3036290,0.6459571729028869,1003
3238550,0.6459009785926235,384
3108714,0.6458648738194146,552
3334526,0.6458509645907832,368
3197442,0.6457668340620493,504
3018822,0.6457112624485521,605
3092814,0.6456801966033822,637
3151958,0.6456061526412933,509
3031922,0.645606111437213,1092
3005662,0.6455989082205243,1471
3071270,0.6453167376774704,811
3122190,0.645224507216569,740
3110978,0.645135336010139,585
3030294,0.6450429749474822,993
3104838,0.644980113554232,709
3215186,0.6448921273148626,421
3194130,0.6448133868128719,512
3244666,0.6446853070459586,483
3013126,0.6446724265349568,1005
3217958,0.644607385557281,415
3321658,0.6445862735123646,377
3163334,0.644580214767362,430
3256182,0.6444648450244864,466
3275254,0.6444576830092664,435
3103258,0.6444539960583395,666
3008454,0.6442889538366304,1277
3009338,0.644259183424855,1181
3201122,0.6442167503950839,389
3026590,0.6441530207725185,1112
3014170,0.6441357123987174,1135
3004202,0.6441150819910526,681
3247086,0.644097264229021,479
3210006,0.6440333294938869,433
3034170,0.6440264277622,1080
3307746,0.6440160002594711,390
3207822,0.6438413742344106,375
3027166,0.643784123581925,595
3211490,0.6437664001350546,367
3060026,0.6436696199606531,856
3005282,0.6436297878451938,773
3071406,0.6435366369288942,390
3245362,0.6435341329194032,375
3129446,0.6435283432796249,627
3164930,0.6435075402580481,384
3087890,0.6435046523356175,672
3194226,0.6434837485831013,404
3022538,0.6434475279138314,968
3050574,0.6434042531468943,862
3021318,0.6433618291109372,630
3185318,0.6433457532273973,533
3133082,0.6432328799355995,622
3059302,0.6427270513006579,433
3094074,0.642644131034565,592
3215622,0.6426375241464907,527
3104998,0.6426168606499648,766
3255830,0.6425605514782424,466
3138830,0.642552916636616,654
3017862,0.6424302935374734,1082
3025942,0.6424254192900571,1008
3140126,0.6424145607419147,542
3160986,0.6423972994941625,546
3099718,0.6423401328122238,676
3009586,0.6422764315147631,1172
3241994,0.6422637604578882,380
3143674,0.6422324199416791,592
3207310,0.6422086702480827,376
3175078,0.6421619740806929,450
3230146,0.6421519818721321,440
3071130,0.6421216411710711,703
3172902,0.6420298350946984,371
3132646,0.6419582939328976,669
3184094,0.6419522668059315,428
3193506,0.641930471146218,405
3103050,0.6419228208550278,667
3069202,0.6417100004449638,818
3162938,0.6416335751052217,541
3292046,0.6414708489030649,409
3223942,0.6414003370005654,405
3119770,0.6413598239554512,405
3213618,0.6413594540388571,470
3072394,0.6412631026668352,478
3120586,0.6412059587524046,572
3013506,0.6411634883715905,1139
3076870,0.6411127511264211,750
3186406,0.6410959854218156,388
3033342,0.6410926155237157,916
3006302,0.6409972547341057,1355
3392350,0.6409782550429585,457
3013022,0.6408903577992907,1143
3056990,0.6407665195294229,930
3078362,0.6407532199022115,747
3118318,0.6407073078170379,743
3105042,0.6407022740700569,643
3081574,0.6405400720520861,675
3176422,0.640488548030664,508
3046582,0.6404140208807944,810
3139610,0.640403272462108,605
3131746,0.6403839529726932,625
3055886,0.6403402450392575,604
3126974,0.6403244189029844,736
3172782,0.6402036310932686,456
3241502,0.6401576829645655,381
3270758,0.6400859299376935,382
3040986,0.6400784528614198,646
3109602,0.6400617119315504,525
3201006,0.6400508662027218,372
3165602,0.6399712516097346,580
3055646,0.6399422841621314,397
3042086,0.6398239125810417,918
3151434,0.6398131692631797,511
3132418,0.6397075909161032,472
3112730,0.6396278849469534,644
3185186,0.6396253335105505,488
3237662,0.6396223251935839,431
3243670,0.6394756288206006,424
3029502,0.6394552727716332,499
3004934,0.6393374632535023,780
3059322,0.6393335144171327,570
3124230,0.6392141049528254,631
3056298,0.6391765763682538,555
3189250,0.6390339434967105,524
3163782,0.6390139325667166,477
3330786,0.6390067757088514,371
3079410,0.6389994316861467,852
3228382,0.6388763915658718,504
3018590,0.6388668118691299,1118
3270182,0.6387568255505741,383
3133058,0.6387304697874414,541
3178806,0.6387119199794872,441
3085146,0.6385650029202451,832
3079186,0.6385485238464613,442
3113166,0.6385377867674719,462
3141358,0.63844720576654,440
3033250,0.6383721382438556,917
3253874,0.6381133862520845,408
3249646,0.6380826245609306,414
3037310,0.6380573752575336,794
3064554,0.6380482947636763,727
3012146,0.6380214993971072,1099
3235162,0.6380144360375661,388
3113730,0.6380012503320265,580
3218234,0.6379261982830438,415
3098354,0.6378713939450985,619
3243362,0.6377682934165994,378
3238906,0.6377170235024957,384
3033894,0.6376682759882029,575
3313494,0.6376121728858646,384
3193146,0.6375172170455589,406
3159474,0.6374645215431052,596
3224014,0.6374278256036803,451
3109462,0.6373867279975591,697
3057110,0.6373758426522135,869
3008578,0.6373531693173243,1378
3010610,0.6372570327387804,1203
3124906,0.6370898050012234,630
3186478,0.6370668553279201,423
3098226,0.6368280037670353,378
3048410,0.6367807056214861,981
3108018,0.6366179898267785,592
3118462,0.63660756598523,403
3109514,0.6365565139817634,589
3200434,0.6365509715246995,453
3012390,0.6363650786391106,1155
3182558,0.636358266184344,388
3321422,0.6363254666803688,377
3177126,0.6363230383210691,506
3142434,0.6362723276719423,642
3240610,0.6362145159790699,382
3022442,0.6361662726274275,755
3115662,0.6361204963885962,746
3189406,0.6360834077195481,415
3034162,0.6360824417468248,1019
3270418,0.6360019738431177,383
3013374,0.6359722350803934,1186
3249342,0.6359397759182187,476
3006786,0.6358646982278195,1103
3004138,0.6357081514046586,970
3253914,0.635595426487557,469
3265734,0.635560984197831,391
3060786,0.6355609702479844,745
3180646,0.6355582837156801,461
3018266,0.6354771907193,1014
3323630,0.6352912583864915,375
3230038,0.635291182217065,394
3193202,0.6352563134024745,468
3114938,0.635151140287099,686
3124910,0.6351079903392777,737
3251042,0.6351056931207067,366
3230182,0.6350290374685414,440
3048798,0.6350000790459771,979
3214222,0.6348403691989666,423
3012798,0.6347670185237905,1085
3107258,0.6347448543569854,594
3207294,0.634743057839342,376
3193674,0.6346848738621531,574
3086946,0.6346706279988273,719
3043046,0.6346522538852134,658
3173606,0.6346059908689842,562
3122538,0.6345628233499676,571
3100134,0.6345293804640101,613
3167334,0.634512386814307,530
3189926,0.6344585336414366,414
3041734,0.6344148168771523,789
3082106,0.6343033024537094,397
3058986,0.6342298041162717,922
3103582,0.6341917532264383,411
3012742,0.6341899893323956,874
3120210,0.634182285310055,572
3164814,0.6341512889350956,474
3118994,0.634089025145765,437
3080434,0.6339548719344024,365
3207486,0.6339456062558633,376
3101910,0.6339358609675378,608
3278734,0.6338766412871909,429
3143438,0.6338680540547864,638
3335702,0.6338368880888257,368
3186302,0.6337930030764442,485
3125766,0.6337804106169215,568
3002406,0.6336344032316609,1485
3085178,0.6336337346062797,832
3057202,0.6335926261384756,822
3058202,0.6335323022020065,465
3171226,0.6334027987715065,459
3273894,0.6333232401091551,376
3165642,0.6332642360797606,580
3238326,0.6331328311780754,430
3218546,0.6330898080694071,460
3246834,0.633065279560108,373
3164082,0.6330580748709772,645
3234078,0.633014518716342,389
3257602,0.6330027767292471,464
3196570,0.6328735995431736,398
3299254,0.6328709013283923,399
3045558,0.6328298944568975,940
3032178,0.6327601625427809,922
3094338,0.6325856144767453,740
3301354,0.6325058290670796,397
3127766,0.6324733827914986,566
3038758,0.6321764177199383,881
3219774,0.6321675691690687,458
3226846,0.6320596682645855,400
3192430,0.6320307475770857,408
3145290,0.6319820074363821,634
3037470,0.6318932982553573,797
3193990,0.6318732585767375,512
3089382,0.6318407778851084,757
3250622,0.6318219568769895,366
3271058,0.6317124366419536,381
3083098,0.6317101472806687,511
3078870,0.631679786047263,853
3197902,0.6316694788213665,457
3180558,0.6316018155325818,498
3095298,0.6315821460383277,388
3013258,0.6315104800999813,1141
3065058,0.6314598951385949,833
3081338,0.631260893268046,845
3255882,0.6312043319931704,466
3205150,0.6311947203995929,381
3118858,0.6310011022453209,574
3036522,0.6309879641857657,1001
3068854,0.6309856615770251,452
3211890,0.630933224294063,366
3225262,0.6308999312545451,509
3232306,0.6308857872998692,498
3307642,0.6307772624601984,390
3224682,0.6307732418014821,510
3119394,0.6306667164482004,529
3170294,0.6306618085611804,461
3181382,0.6306544927001739,496
3028782,0.6305378329413345,1043
3185190,0.6304202520028075,426
3005118,0.6302893944868527,826
3224582,0.6302791195998934,450
3028170,0.6302746640066126,999
3054146,0.6302694997986817,391
3033578,0.6302497658480705,912
3124358,0.6302055203450992,677
3025418,0.6301415360533161,949
3133094,0.6300710144597523,479
3396642,0.6300640500350713,716
3053614,0.6300600119229173,888
3066422,0.6300323681259148,781
3130450,0.6300268376025099,672
3176346,0.62990904515732,554
3177766,0.6298811549693849,612
3254198,0.6298788947130255,407
3280078,0.6298553198873295,366
3146442,0.6297751714974532,692
3240450,0.6296862615425516,382
3230926,0.629596638908341,439
3154610,0.6295688011224582,609
3131714,0.6295177243453363,671
3192010,0.6294425316279002,381
3080458,0.6294312687468464,848
3049890,0.6294247196154472,668
3073034,0.629397533823974,759
3243910,0.6293787334251988,377
3247378,0.629316966786586,372
3054742,0.6291887903565972,835
3326110,0.6291756455130731,374
3095466,0.6291231246771143,628
3113078,0.6290879018883726,581
3136330,0.6290788210809646,682
3233566,0.6290753818037398,390
3234414,0.6289872927788751,389
3395962,0.6288372905590651,1030
3121106,0.6288106945768941,680
3160250,0.6287823964452133,485
3117758,0.6287587698759778,575
3305806,0.6287058837691684,392
3011558,0.6287043338239847,1113
3017014,0.6286642083403767,1096
3305222,0.6286577602613698,393
3038286,0.6286334651032656,883
3039746,0.6286057447001865,936
3101474,0.6285254726103955,717
3249826,0.6284555099901458,368
3129990,0.6284202184909393,626
3060990,0.6283421137855607,744
3238178,0.6283354236275339,385
3119202,0.6282953679546777,573
3201322,0.6282620347236161,497
3260378,0.6282458819707329,460
3151482,0.6281492294546305,573
3233454,0.6281395976987674,497
3135318,0.6281349909143707,555
3164058,0.6280966971046368,476
3074086,0.6280713273131154,863
3140694,0.6280076881719099,435
3192330,0.6279336770430719,408
3119634,0.6278901139470359,573
3040858,0.6278680496417559,648
3139662,0.6277709398786785,584
3000450,0.6277582396857971,1515
3077482,0.6276214012294727,686
3047642,0.62761997167191,686
3135422,0.6276014372900073,663
3129794,0.6275786960780634,564
3207338,0.62754198554929,376
3264706,0.6274714900523743,393
3219390,0.6272585213687548,520
3044298,0.6272238434263243,949
3077654,0.627176476204268,686
3107214,0.6271570347421975,594
3027574,0.6270701161652442,1044
3135414,0.6269037474432216,381
3321546,0.626879896293048,377
3144186,0.6268563041718778,637
3180406,0.6267319797140343,499
3009690,0.6267151214848287,811
3168210,0.626690044949251,466
3305642,0.6266326360777302,393
3204286,0.6266178984296853,444
3216422,0.6265420611201197,430
3177510,0.6265206140700763,408
3082926,0.6264940945315366,840
3019598,0.6264682331067941,997
3304958,0.6264620005445513,393
3042910,0.6264407868682683,958
3227018,0.6263816479988465,445
3226954,0.6263806465013356,400
3080130,0.6262965321330679,743
3106730,0.6262878669520962,657
3127514,0.6262606395434372,566
3206858,0.6261577503771677,367
3015186,0.6259736358416244,1124
3293034,0.6259506402825983,407
3223222,0.6258597791404368,406
3320806,0.6257734068234956,377
3174306,0.6257519960375297,514
3212266,0.625525353706736,365
3026618,0.6254973115378009,484
3071006,0.6254230449030166,873
3398702,0.6254153136924937,983
3033026,0.6253703044161538,1087
3125330,0.6253482623165652,517
3013890,0.6253410000624241,1074
3180194,0.6252328707351282,465
3219058,0.6252181446291482,413
3220942,0.6251908586119171,456
3075190,0.625086410156321,861
3117702,0.6250723924801209,575
3304110,0.6250364510267219,389
3137726,0.6250023893608224,422
3234770,0.6250001629371912,495
3201382,0.6249910843400728,389
3013886,0.6248899078722794,1243
3071622,0.6248591401893588,871
3320982,0.6248119597617277,377
3017254,0.624736516957278,1198
3123674,0.624667610704712,739
3125218,0.6246252164785998,568
3005974,0.6245600133870731,1360
3212002,0.6245432368050706,366
3020406,0.6244512022945558,383
3053642,0.6243842807155112,780
3038498,0.6242994054200222,1051
3195198,0.6242545789321219,464
3045510,0.6242412358859116,940
3003578,0.6241935038463897,685
3205810,0.6241756217218423,549
3042534,0.6240615752162876,1022
3230378,0.6240580134223227,394
3135918,0.6239931729298156,446
3025586,0.6239022796921317,948
3064450,0.6238752169262138,727
3018018,0.6238044630127155,864
3155650,0.6237480856572585,560
3073798,0.6237186599367412,695
3225330,0.6236994756508728,402
3156346,0.6236408822816786,496
3115610,0.6235562334237265,577
3018462,0.6235559486678105,1073
3165950,0.6235314045254492,471
3254102,0.6234680334810148,408
3201310,0.623414847247152,389
3265018,0.6233721452621351,393
3043042,0.6233668032599942,679
3036830,0.6233281927125869,953
3130158,0.6232692417909524,672
3086782,0.6231722918383806,766
3057926,0.6231626314824699,758
3069942,0.6230726101266469,680
3238470,0.6230661364608011,430
3020998,0.6230189101484604,1090
3059590,0.6229622262427787,750
3029826,0.6228764353765528,932
3199842,0.6228528624716777,500
3018734,0.6228319800898668,704
3238330,0.6228204190997231,491
3074858,0.6227763085630753,800
3109574,0.622595506237159,445
3240646,0.6225788514078745,489
3046726,0.6225733538262017,932
3059890,0.6224974948787234,811
3247714,0.6224893211264593,417
3007294,0.6224433097241212,1371
3063370,0.6223608027357244,794
3193750,0.6223399493873915,404
3249606,0.6223272091384869,368
3159382,0.6222976572425298,396
3198190,0.6222764299917773,395
3059578,0.6222702012025382,858
3054726,0.6222426951119245,882
3223666,0.6221215842226325,405
3058670,0.6220265370832453,803
3005850,0.6219854804672397,1300
3054082,0.6219469914208892,947
3015190,0.6218664284156981,1231
3329582,0.6217792888160649,371
3065690,0.6217770700038251,563
3064010,0.6217121300038458,837
3269914,0.6216683220600255,383
3114602,0.6216231848320187,579
3083338,0.6216149770208501,731
3265582,0.6215688326357126,391
3222074,0.6215521367791379,515
3227714,0.6214391717206247,505
3124802,0.6214235958390051,738
3148630,0.6214042936087482,580
3100610,0.621360450438732,781
3200282,0.6213210493133287,560
3169030,0.6213144997027581,417
3166906,0.6213018514301658,531
3136174,0.6212553218618805,603
3108382,0.6212454902374493,699
3148850,0.6211769105278345,518
3248170,0.6211343794737053,371
3039458,0.6210605144899934,782
3166754,0.6210512989981035,639
3104354,0.6210396640556757,602
3023130,0.6210339404900412,516
3020118,0.6209251310989398,991
3156494,0.6208871758134769,496
3159118,0.6207919709787766,488
3239866,0.6207689918898762,490
3020678,0.6207632277000318,1047
3157746,0.6206049173087371,600
3134838,0.6205609419566409,664
3075142,0.6205417588513831,686
3223262,0.6205047449377966,406
3266618,0.6204908020235615,390
3300242,0.6203200012622806,398
3033046,0.6203171231572283,980
3197134,0.6202552375309744,397
3067570,0.6201931260135856,777
3007866,0.6201841129246561,1410
3212050,0.6201691150941203,366
3048614,0.6201045741752423,873
3169162,0.6200843477892545,464
3119538,0.6200599763560548,431
3134250,0.6200585653314746,666
3052962,0.6200517916762004,845
3102770,0.620024567718166,668
3138614,0.6200189574548424,547
3318370,0.6198660588226645,379
3085518,0.6198611656814905,662
3161398,0.6197990357234231,545
3146730,0.6197212462169475,691
3263662,0.6197169635699733,395
3115754,0.6196206500684494,577
3327766,0.6195984167556914,373
3180990,0.6195501709592348,436
3167526,0.6195018201616697,576
3155770,0.6194824455531402,606
3035262,0.619477813188564,903
3194230,0.619392968678863,512
3044142,0.619392688607607,850
3159946,0.6193537090310037,548
3196686,0.6193427360152269,460
3090562,0.6193217857108813,407
3084898,0.6192881212657741,664
3186430,0.6192217374090883,485
3026630,0.6191763383981757,453
3048346,0.6191738626581662,875
3026574,0.6191727405656724,696
3200542,0.6190739745883634,390
3210586,0.6190241816246186,369
3156502,0.6189975180123204,496
3141438,0.6189720491716536,706
3338642,0.618909846254534,365
3147598,0.6188857130431683,628
3313754,0.6188574706836556,384
3068762,0.6188304489215147,880
3140686,0.6187605608793147,648
3181570,0.6187518151459063,542
3093686,0.6186947867944571,742
3006490,0.6185426582348715,735
3012006,0.6184706030379941,1082
3248086,0.6184567899493756,478
3162162,0.6183019204221145,589
3223658,0.6182958929436556,451
3248666,0.6181983079038307,416
3393694,0.6181911450380937,1243
3052826,0.6181431203926635,786
3256982,0.6180059505441418,404
3026782,0.6179495095512638,1050
3110354,0.6179295631307783,390
3104118,0.6179003059006432,771
3030306,0.6178000957233865,930
3392818,0.6177623766145983,441
3274526,0.6177540626647678,375
3092166,0.6177460172202965,639
3107782,0.6176969839663442,762
3096938,0.6176382759404383,399
3296114,0.617548871439075,403
3062250,0.6175385707954325,737
3067866,0.6175202751335835,822
3244314,0.6175012764163111,376
3005086,0.6174615543311852,1313
3195374,0.617439318331493,401
3099734,0.6173760464628357,675
3021266,0.6173749985361284,609
3100298,0.617351287830414,675
3024514,0.6173294884804025,1016
3068930,0.617297125196703,773
3050654,0.6172925127251384,969
3166730,0.6172478723725209,470
3234058,0.6171832123547747,389
3221782,0.617000659686645,409
3282390,0.6169863389609331,423
3223990,0.616983431021937,405
3087550,0.6169739238392445,824
3222822,0.6169227002334914,407
3134918,0.6168658503260802,618
3222902,0.6168536344746398,407
3149522,0.616829017587207,380
3228898,0.6167822174044468,442
3001926,0.616604409710261,1548
3084630,0.6165998156039819,727
3021754,0.6165946703476717,1084
3203210,0.6165900528086199,385
3088506,0.616370764280458,760
3173866,0.616296472720667,515
3031174,0.6162513963706239,990
3248802,0.6162166097270392,416
3217910,0.6161959917569645,458
3171306,0.6161004788288941,459
3082434,0.6160469163817937,672
3024046,0.6159305348897659,386
3261550,0.6159199570230476,459
3161958,0.6158952290432443,580
3025946,0.6158933379339518,405
3278006,0.6158916957044621,369
3153830,0.6158753462200115,504
3177302,0.6158507731651957,552
3107858,0.6158482068421505,405
3171478,0.6158471691517051,628
3277758,0.6157877340636388,430
3054846,0.6157763756282232,835
3091374,0.6157486322367645,811
3074142,0.6157026436233733,863
3162414,0.6156775017724734,588
3142806,0.6156046478548922,533
3079706,0.6155073849314303,848
3245694,0.6153672969822707,421
3029794,0.6153409385961326,1040
3214186,0.6153031112746845,449
3081506,0.6152709973805476,491
3210798,0.6152238221340566,369
3049246,0.6151514656407951,869
3019010,0.614965227015768,431
3152630,0.6149448586884164,676
3059846,0.6149206531951993,749
3021374,0.6148405684603498,388
3278534,0.614822288691855,368
3257574,0.614741021664014,403
3314282,0.6146392695650453,383
3057754,0.6146035579522796,927
3038910,0.6145359727683528,454
3007058,0.6145054399000149,1292
3314294,0.6144468919166999,383
3036134,0.6143918876776377,958
3172734,0.6143868742055888,518
3207742,0.6143387044069755,375
3173758,0.6142923295366366,453
3011902,0.6142806504438513,1167
3132386,0.6141731529366188,670
3398322,0.614166606370845,891
3025762,0.6140826390942763,651
3110254,0.6140540156634181,587
3058978,0.6139675802808434,753
3061354,0.6139491155342898,742
3171594,0.6138940240116406,458
3190982,0.6136993082312352,411
3023962,0.6136729510340282,500
3253510,0.6136681818591435,409
3290666,0.6136333779409577,410
3120346,0.6136321281822686,506
3320222,0.6136261370762329,378
3016782,0.6136138086021677,1038
3141766,0.6135950345083322,705
3132546,0.613515034357432,562
3129450,0.6134884111815496,540
3245834,0.6134639648892457,374
3071186,0.6134501096634007,489
3208510,0.6134312811063491,436
3396922,0.6133202701667188,899
3394042,0.6133099419120307,553
3038066,0.6133099128741157,583
3094658,0.6132977881951007,800
3234582,0.6132766104590444,389
3136806,0.6132589545434901,659
3024466,0.6131877443293718,1016
3331046,0.6131137604900305,371
3159530,0.6129721868334531,656
3314526,0.6129152501782718,383
3202138,0.6129080331789475,387
3148962,0.612888485383353,579
3251226,0.6128755200787548,366
3077486,0.612854883313185,686
3013214,0.6128057485697401,1079
3129870,0.6127375680815242,630
3051142,0.612709204485324,966
3009402,0.6126782241116037,1240
3089086,0.6126754446525855,712
3009414,0.6125701769520041,1178
3177594,0.6125614494579475,551
3174682,0.6124182919068376,451
3010082,0.6124135488723439,1328
3184286,0.6123825189312783,428
3107498,0.6123810471851354,656
3217350,0.6123657919834427,462
3007698,0.6123644889123988,1308
3038218,0.6123183849293695,883
3003622,0.6123143259391395,920
3008510,0.6122823246261794,1212
3074226,0.6122184933666704,562
3088226,0.6122112348891117,761
3216502,0.6120556689970887,418
3175142,0.6120055179223285,558
3210082,0.6119885047453448,433
3084170,0.6118877821367814,774
3200026,0.611843841079121,391
3227938,0.6118265910247862,398
3016162,0.6118028298733063,1157
3090038,0.6117780537960257,815
3028418,0.6117646439498317,1105
3090558,0.6117446859886203,395
3209058,0.6116907552838801,481
3262038,0.6116655323153171,458
3019050,0.6116072154931482,866
3148338,0.6115955871346709,473
3022146,0.6115812158703781,945
3216378,0.6114501405481125,418
3014278,0.6113686547113988,1134
3393218,0.6113186623713806,1180
3194066,0.6112740764761891,573
3083154,0.6112127967666834,732
3166938,0.6111761669088971,531
3202946,0.6111688761411538,554
3045234,0.6111488213064797,897
3235054,0.6110006844527143,495
3237334,0.6109477547953325,493
3081190,0.6109278135195806,677
3117670,0.610806398742931,744
3124546,0.6108011488344727,391
3080450,0.6107972506104985,679
3396306,0.6107893994498441,970
3144146,0.6107885782469943,393
3009446,0.6107867612647022,1239
3065482,0.61078428173215,892
3115550,0.6107323106912783,577
3033986,0.6106379419666809,714
3066918,0.610531515819798,826
3089358,0.6105111076888136,649
3225030,0.6105052723228258,403
3143442,0.6104850334052276,593
3117130,0.6104783341931774,638
3024042,0.6104165679142545,957
3061890,0.6103201765544864,908
3297002,0.6103029930576371,402
3099202,0.6102929165125449,616
3063974,0.6102142570112487,837
3069734,0.6101927364243319,877
3168538,0.6101172610760638,466
3163750,0.6100705436028222,477
3051102,0.6100667971210908,797
3075162,0.6099926363961121,861
3156546,0.6099905483897177,378
3025938,0.6099400489059453,946
3102898,0.6099143597919988,605
3080854,0.6097809550116284,561
3394974,0.6096797116148203,958
3180954,0.6096444540301875,498
3030458,0.6094291545641424,992
3165570,0.6093179158631639,578
3085834,0.6093127272397424,723
3093394,0.6093038915500006,682
3186642,0.6092844097545055,484
3182638,0.6092690267266371,431
3082090,0.6091966485905432,674
3158426,0.6091041931176316,552
3180118,0.609051192535386,500
3192022,0.6090192538981009,409
3127206,0.6089779325737639,736
3222302,0.6089767773757391,408
3012502,0.6089424055678606,401
3029562,0.6089259773982778,1041
3254350,0.6089182044416229,407
3067974,0.6089113116543152,776
3070466,0.6088787007380969,783
3103022,0.608869403005125,544
3076310,0.6088187618742043,689
3285114,0.6087277373402947,419
3013878,0.6086996294055944,1182
3244362,0.6085808060327674,376
3038598,0.6084311187952823,943
3120974,0.6083487375907628,634
3092610,0.6083264569201512,746
3279030,0.6081988854267563,367
3013978,0.6081582154804327,1242
3159670,0.6081137527395002,656
3030978,0.6081064145151535,990
3235446,0.6081032915752077,388
3016542,0.6080992116918315,1150
3198854,0.6080948661931973,456
3194714,0.6079998520778861,464
3055210,0.6079913868900264,832
3176046,0.6078309346640386,555
3046930,0.6077389885936068,992
3088514,0.6076841733676022,760
3140234,0.6076468522336537,603
3111922,0.6076365369148298,645
3005494,0.607545691461268,716
3077934,0.6075082992509157,600
3033086,0.607484431913123,403
3066874,0.6074027196391689,492
3136070,0.6073691454775791,722
3186614,0.6073109173806363,422
3106610,0.6072610587717242,704
3150378,0.607244319488544,513
3052346,0.6072289322037769,897
3232058,0.6072283897826238,438
3206838,0.6072204594922743,378
3172418,0.607212686469639,564
3074826,0.6071859376560096,460
3034318,0.6071030634696853,910
3396494,0.6070340510577713,892
3090790,0.6069647606791941,644
3212562,0.6069556275206569,426
3090438,0.6069280675503669,645
3127546,0.6068651520639886,674
3190322,0.6068214992661023,520
3180246,0.6068138692790586,437
3198018,0.6067881890083611,457
3270738,0.6067475577192593,443
3225770,0.6066341136330836,447
3110554,0.6065199368597236,586
3092578,0.6065171203875828,700
3069330,0.6063916725310453,706
3037006,0.606373398154238,700
3262554,0.6063002570570967,397
3199514,0.6062800842811734,381
3055054,0.6062469151555322,772
3037990,0.6062300222590861,944
3106794,0.6062003952312912,764
3241682,0.6061761329131503,487
3092862,0.6061281247447846,424
3044474,0.6061259176344203,948
3037314,0.6060943381586096,888
3077930,0.6060392373670488,686
3099610,0.606038926285301,784
3173194,0.6059085580358582,517
3179614,0.6058892793683862,547
3198414,0.6057684981654831,456
3225374,0.605728971656549,448
3035930,0.6057148631541648,704
3218194,0.6056757164816979,415
3089422,0.6056687107944743,710
3201914,0.6056391773058236,387
3084134,0.6056324530779457,615
3252362,0.6056215129872228,410
3104322,0.605593203510777,771
3201118,0.605572732768062,497
3120530,0.6054510242846254,741
3134066,0.6053777900750353,666
3250706,0.6053057468184467,412
3123886,0.6052754461159208,632
3253622,0.6052260423141196,408
3210850,0.6050861898121682,369
3157126,0.6050750072138248,601
3070850,0.6050599758215782,766
3063210,0.6050578780876602,515
3058890,0.6050048347371564,590
3221722,0.6049982934375283,516
3105334,0.6049640451569668,660
3053658,0.6049502290176831,949
3100754,0.6048868579421759,720
3108158,0.6048643426143756,426
3235346,0.6048527816486501,434
3181962,0.6047748752838528,433
3196546,0.6047651458733024,506
3049642,0.6046658839132785,805
3187778,0.6046488306712862,420
3098526,0.6045874648572709,479
3398418,0.6045231328777294,887
3306634,0.6045137831481942,392
3391834,0.6045025234792013,1500
3091742,0.6044965519241707,641
3029098,0.6044694975716575,503
3025466,0.6043995603949897,948
3152478,0.6043890585790385,374
3172062,0.604345783955649,565
3066486,0.604228721430652,419
3185214,0.6042083240328462,534
3169106,0.6041705174467695,464
3170534,0.6041178106589433,523
3208158,0.6041005027884632,374
3158298,0.6040805511548692,553
3060654,0.6040681289294343,914
3189674,0.604054616425427,523
3209722,0.6040294869872205,371
3258686,0.603958926407124,402
3394566,0.6039587440652715,1098
3174854,0.6039474095485667,451
3148602,0.6039315444065575,518
3025578,0.6038781748572635,454
3392874,0.603857248372912,1280
3119602,0.6037287544028129,635
3222250,0.6037091799656328,408
3036010,0.6036340316540199,896
3186926,0.6035287249802489,422
3160090,0.6033979847178196,548
3251194,0.6033941659690044,366
3184494,0.6033478275085586,427
3087114,0.6032870490553123,719
3063306,0.6032694343133138,732
3011970,0.6032534886771627,699
3238282,0.6031900877833671,430
3096590,0.6030969310461989,402
3203762,0.6030909907535544,445
3084374,0.6029503903223633,665
3032934,0.6028980349438506,1027
3053042,0.6028579683487229,954
3059418,0.6028368252300121,628
3142582,0.6028299047944711,703
3066018,0.602688760500317,721
3150950,0.6026516306419633,574
3051174,0.6026252991742235,859
3072234,0.6024396467278201,808
3081546,0.6024368673918211,738
3210638,0.6024027820754058,369
3004070,0.6022883135057499,1520
3099206,0.6021774711418044,611
3033574,0.6020962611184513,1023
3015438,0.6020271799100064,1167
3047010,0.6020208187441156,822
3122630,0.6019743634061704,570
3245306,0.6019457923288962,375
3184106,0.6019212662955475,536
3184938,0.6019105244089873,534
3061682,0.6018883980848743,463
3166718,0.6017973981505169,639
3251514,0.6017962117556069,412
3231402,0.6017703416716117,439
3184570,0.6017007415620358,535
3208910,0.6016937896040133,481
3397018,0.601666868061766,875
3236626,0.6015769423000207,427
3030302,0.6015429551032844,857
3086462,0.6014192555503448,828
3118414,0.6013830555739396,682
3247806,0.601311737386019,478
3009094,0.6012819039898921,400
3261102,0.6012739785592295,459
3052746,0.6011429108077417,956
3231682,0.6011030279600658,392
3228838,0.6010847800102137,396
3035234,0.6009771126516473,373
3005006,0.6009027662899056,654
3154778,0.6008884725145148,609
3040214,0.6008731130756324,801
3179102,0.6007569052745172,502
3163446,0.6007168485861003,478
3229266,0.6006952191061983,503
3094914,0.6006503416893052,692
3051830,0.6006214250624771,394
3165930,0.6006015167808011,471
3325774,0.6005719886880603,374
3163270,0.6005587241864628,377
3119946,0.6005559364991324,534
3095894,0.6005225821416198,626
3072434,0.6005205880785931,699
3062798,0.6004237291703359,734
3322390,0.6002876846994926,376
3004186,0.6002740204986685,492
3398310,0.6002319267223145,385
3115974,0.600228418885506,739
3155334,0.6002194213874241,607
3080046,0.600196124552861,681
3061722,0.6001235864805253,740
3130842,0.6000943216435476,435
3213630,0.6000666656773086,424
3076590,0.6000483158404346,750
3150730,0.6000002448701836,682
